City_ID,City,Country,Date,Lat,Lng,Max Temp,Humidity,Cloudiness,Wind Speed
0,Vaini,TO,2020-10-31 05:23:24,-21.2,-175.2,75.2,78,75,11.41
1,Sao Joao Do Piaui,BR,2020-10-31 05:23:24,-8.36,-42.25,83.16,49,96,8.1
2,Bluff,NZ,2020-10-31 05:23:24,-46.6,168.33,52.0,87,100,15.99
3,Mana,GF,2020-10-31 05:23:24,5.66,-53.78,78.84,87,3,9.51
4,Virginia Beach,US,2020-10-31 05:22:08,36.85,-75.98,53.01,67,43,1.99
5,Port-Cartier,CA,2020-10-31 05:23:24,50.03,-66.87,26.6,68,1,6.93
6,Hilo,US,2020-10-31 05:23:24,19.73,-155.09,77.0,83,90,3.36
7,Vila,PT,2020-10-31 05:23:24,42.03,-8.16,54.0,94,59,1.99
8,Khatanga,RU,2020-10-31 05:23:24,71.97,102.5,-9.69,86,0,5.68
9,Jamestown,US,2020-10-31 05:23:25,42.1,-79.24,34.0,92,90,8.05
10,Rikitea,PF,2020-10-31 05:23:25,-23.12,-134.97,76.01,67,0,4.0
11,Provideniya,RU,2020-10-31 05:23:25,64.38,-173.3,21.04,84,26,6.96
12,Zalesovo,RU,2020-10-31 05:23:25,53.99,84.74,33.98,97,100,8.25
13,Upata,VE,2020-10-31 05:23:25,8.01,-62.4,78.01,93,100,1.99
14,Albany,US,2020-10-31 05:20:03,42.6,-73.97,30.0,86,43,3.71
15,Dikson,RU,2020-10-31 05:23:25,73.51,80.55,15.4,96,98,26.24
16,Tual,ID,2020-10-31 05:23:25,-5.67,132.75,84.04,69,6,11.56
17,Port Alfred,ZA,2020-10-31 05:23:25,-33.59,26.89,61.81,63,92,3.13
18,Palembang,ID,2020-10-31 05:23:25,-2.92,104.75,93.52,53,32,1.34
19,Acapulco,MX,2020-10-31 05:22:37,16.86,-99.89,80.71,73,95,2.13
20,Mar Del Plata,AR,2020-10-31 05:23:25,-38.0,-57.56,51.01,93,0,5.82
21,Port Hedland,AU,2020-10-31 05:23:25,-20.32,118.57,91.4,43,0,19.46
22,Howard Springs,AU,2020-10-31 05:23:25,-12.5,131.05,96.01,49,20,13.87
23,Lingao,CN,2020-10-31 05:23:25,19.91,109.69,78.93,78,51,14.9
24,Tuatapere,NZ,2020-10-31 05:23:26,-46.13,167.68,52.0,87,100,15.99
25,Saint George,US,2020-10-31 05:18:31,37.1,-113.58,57.2,22,1,1.5
26,Hommelvik,NO,2020-10-31 05:23:26,63.41,10.79,42.8,93,40,10.29
27,Atuona,PF,2020-10-31 05:23:26,-9.8,-139.03,77.77,76,63,11.61
28,Sile,TR,2020-10-31 05:23:26,41.18,29.61,54.0,79,42,4.0
29,Cape Town,ZA,2020-10-31 05:21:10,-33.93,18.42,59.0,58,0,17.22
30,Pisco,PE,2020-10-31 05:23:26,-13.7,-76.22,63.0,88,90,4.7
31,Castro,BR,2020-10-31 05:22:54,-24.79,-50.01,51.62,93,99,9.51
32,Saldanha,ZA,2020-10-31 05:20:16,-33.01,17.94,51.8,71,0,4.7
33,Ponta Do Sol,PT,2020-10-31 05:20:09,32.67,-17.1,66.2,59,0,10.29
34,Obihiro,JP,2020-10-31 05:23:26,42.92,143.2,55.4,56,20,12.75
35,Bredasdorp,ZA,2020-10-31 05:23:26,-34.53,20.04,55.4,71,17,2.77
36,Hithadhoo,MV,2020-10-31 05:23:26,-0.6,73.08,83.91,73,100,10.04
37,Ushuaia,AR,2020-10-31 05:23:26,-54.8,-68.3,48.2,76,75,17.22
38,Margate,GB,2020-10-31 05:23:26,51.38,1.39,57.99,72,12,5.99
39,Bilma,NE,2020-10-31 05:23:26,18.69,12.92,66.76,35,0,13.98
40,Busselton,AU,2020-10-31 05:23:27,-33.65,115.33,68.16,65,100,12.24
41,Port Elizabeth,ZA,2020-10-31 05:20:12,-33.92,25.57,59.0,77,20,6.93
42,Kapaa,US,2020-10-31 05:23:27,22.08,-159.32,75.2,73,1,4.7
43,Carnarvon,AU,2020-10-31 05:23:27,-24.87,113.63,78.8,65,90,18.34
44,Mataura,NZ,2020-10-31 05:23:27,-46.19,168.86,52.0,87,100,15.99
45,Kalabo,ZM,2020-10-31 05:23:27,-14.97,22.68,76.51,32,70,6.31
46,Lavrentiya,RU,2020-10-31 05:23:27,65.58,-171.0,20.3,90,0,10.85
47,Kruisfontein,ZA,2020-10-31 05:23:27,-34.0,24.73,55.0,87,0,2.53
48,Akyab,MM,2020-10-31 05:23:27,20.15,92.9,81.36,76,85,5.86
49,Meulaboh,ID,2020-10-31 05:23:27,4.14,96.13,85.75,62,100,4.36
50,Cherskiy,RU,2020-10-31 05:23:27,68.75,161.3,4.55,88,94,5.41
51,Marathon,US,2020-10-31 05:23:27,44.9,-89.77,27.0,73,1,4.7
52,East London,ZA,2020-10-31 05:23:27,-33.02,27.91,57.2,87,75,6.93
53,Punta Arenas,CL,2020-10-31 05:23:27,-53.15,-70.92,42.01,86,75,5.82
54,Kaohsiung,TW,2020-10-31 05:22:01,22.62,120.31,84.2,54,75,6.93
55,Lumut,MY,2020-10-31 05:23:28,4.23,100.63,89.6,70,40,2.24
56,Snasa,NO,2020-10-31 05:23:28,64.25,12.38,38.79,86,100,3.09
57,Moron,AR,2020-10-31 05:21:17,-34.65,-58.62,57.99,98,0,3.36
58,Kon Tum,VN,2020-10-31 05:23:28,14.35,108.0,77.52,75,94,4.7
59,Alta Floresta,BR,2020-10-31 05:23:28,-9.88,-56.09,71.31,96,99,2.73
60,Huilong,CN,2020-10-31 05:23:28,31.81,121.66,73.99,51,0,5.77
61,Saint-Georges,GD,2020-10-31 05:23:28,12.06,-61.75,82.11,82,100,14.5
62,Roma,US,2020-10-31 05:23:28,43.21,-75.46,26.6,79,1,1.68
63,Abu Samrah,SY,2020-10-31 05:23:28,35.3,37.18,67.19,52,98,0.85
64,Airai,TL,2020-10-31 05:23:28,-8.93,125.41,79.2,46,0,4.61
65,Nanortalik,GL,2020-10-31 05:23:28,60.14,-45.24,27.18,92,86,10.76
66,Zhaoqing,CN,2020-10-31 05:23:29,23.05,112.46,82.99,99,39,5.35
67,Awash,ET,2020-10-31 05:23:29,8.98,40.17,77.61,50,14,1.3
68,Nome,US,2020-10-31 05:23:29,64.5,-165.41,21.2,79,1,12.75
69,Chaiyaphum,TH,2020-10-31 05:23:29,15.75,102.0,82.26,76,81,12.03
70,Maniitsoq,GL,2020-10-31 05:23:29,65.42,-52.9,20.17,85,65,6.13
71,Torbay,CA,2020-10-31 05:23:29,47.67,-52.73,34.0,55,90,14.99
72,Van Buren,US,2020-10-31 05:22:18,35.44,-94.35,48.2,87,1,3.36
73,Pitimbu,BR,2020-10-31 05:21:24,-7.47,-34.81,77.0,88,40,3.36
74,Villa Carlos Paz,AR,2020-10-31 05:23:29,-31.42,-64.5,60.01,74,0,1.86
75,Bac Lieu,VN,2020-10-31 05:23:29,9.29,105.72,86.86,66,76,11.63
76,Peace River,CA,2020-10-31 05:23:29,56.25,-117.29,24.8,85,40,11.41
77,Ilulissat,GL,2020-10-31 05:23:29,69.22,-51.1,19.4,73,98,3.36
78,Hasanabad,IR,2020-10-31 05:23:29,36.55,61.05,59.0,24,0,6.93
79,Black Forest,US,2020-10-31 05:22:17,39.01,-104.7,44.01,74,1,11.41
80,Ribeira Grande,PT,2020-10-31 05:23:29,38.52,-28.7,68.92,93,100,20.22
81,Moree,AU,2020-10-31 05:23:29,-29.47,149.85,78.8,22,40,18.7
82,Lazaro Cardenas,MX,2020-10-31 05:23:29,17.96,-102.2,78.19,86,55,3.96
83,Upernavik,GL,2020-10-31 05:23:30,72.79,-56.15,19.38,96,96,2.68
84,Kalmunai,LK,2020-10-31 05:23:30,7.42,81.82,87.51,58,100,8.41
85,Ginir,ET,2020-10-31 05:23:30,7.13,40.7,63.23,78,46,0.34
86,Amarillo,US,2020-10-31 05:19:41,35.22,-101.83,48.99,66,1,17.22
87,Ambon,ID,2020-10-31 05:23:30,-3.7,128.18,84.94,67,84,10.78
88,Santa Maria,BR,2020-10-31 05:23:30,-29.68,-53.81,60.8,82,90,8.05
89,Petropavl,KZ,2020-10-31 05:23:30,54.88,69.16,33.8,80,0,8.95
90,Ayan,RU,2020-10-31 05:23:30,56.45,138.17,31.21,88,58,2.86
91,Salalah,OM,2020-10-31 05:19:43,17.02,54.09,77.0,36,0,4.7
92,Komsomolskiy,UZ,2020-10-31 05:23:30,40.43,71.72,53.6,22,0,2.24
93,Ewa Beach,US,2020-10-31 05:23:30,21.32,-158.01,78.8,83,90,3.36
94,Katsuura,JP,2020-10-31 05:23:30,35.13,140.3,66.99,51,20,11.41
95,Yerbogachen,RU,2020-10-31 05:23:30,61.28,108.01,12.33,92,100,6.64
96,Eha Amufu,NG,2020-10-31 05:23:31,6.66,7.76,77.0,88,20,4.7
97,New Norfolk,AU,2020-10-31 05:23:31,-42.78,147.06,70.0,34,28,3.0
98,Zhigansk,RU,2020-10-31 05:23:31,66.77,123.37,-7.74,88,97,1.12
99,Wanning,CN,2020-10-31 05:23:31,18.8,110.4,80.06,73,86,15.84
100,Roald,NO,2020-10-31 05:23:31,62.58,6.13,46.4,75,48,9.17
101,Luganville,VU,2020-10-31 05:23:31,-15.53,167.17,78.8,88,75,9.17
102,Barrow,US,2020-10-31 05:23:31,71.29,-156.79,5.0,84,1,6.93
103,Los Llanos De Aridane,ES,2020-10-31 05:21:44,28.66,-17.92,75.2,27,75,11.41
104,Eyl,SO,2020-10-31 05:23:31,7.98,49.82,82.27,63,95,8.21
105,Darnah,LY,2020-10-31 05:23:31,32.77,22.64,68.32,72,26,14.74
106,Yellowknife,CA,2020-10-31 05:20:30,62.46,-114.35,12.2,85,75,9.17
107,Bandarbeyla,SO,2020-10-31 05:23:31,9.49,50.81,78.98,75,42,12.08
108,Butaritari,KI,2020-10-31 05:23:31,3.07,172.79,82.45,76,39,19.55
109,Pakxan,LA,2020-10-31 05:23:31,18.38,103.66,88.27,55,14,5.61
110,Ambilobe,MG,2020-10-31 05:23:32,-13.2,49.05,81.75,42,14,8.72
111,Broome,US,2020-10-31 05:23:32,42.25,-75.83,30.2,80,90,1.3
112,Georgetown,MY,2020-10-31 05:20:39,5.41,100.34,87.8,70,20,6.93
113,Calabozo,VE,2020-10-31 05:23:32,8.92,-67.43,76.12,91,69,5.41
114,Havoysund,NO,2020-10-31 05:22:08,71.0,24.66,30.2,63,17,41.38
115,Saint-Philippe,RE,2020-10-31 05:23:32,-21.36,55.77,73.4,49,75,19.46
116,Talnakh,RU,2020-10-31 05:23:32,69.49,88.4,14.0,78,75,29.08
117,Hofn,IS,2020-10-31 05:23:32,64.25,-15.21,45.64,82,40,19.48
118,Ibarra,EC,2020-10-31 05:23:32,0.35,-78.12,51.8,93,75,2.24
119,Tieli,CN,2020-10-31 05:23:32,46.95,128.05,48.58,51,100,18.9
120,Daru,PG,2020-10-31 05:23:32,-9.08,143.21,84.47,71,17,11.27
121,Alice Springs,AU,2020-10-31 05:19:25,-23.7,133.88,84.2,13,0,8.05
122,Puerto Ayora,EC,2020-10-31 05:23:32,-0.74,-90.35,70.0,90,90,5.01
123,Lumby,CA,2020-10-31 05:23:33,50.25,-118.97,42.01,80,44,1.12
124,Bambous Virieux,MU,2020-10-31 05:23:33,-20.34,57.76,75.0,56,20,17.22
125,Kibala,TD,2020-10-31 05:23:33,9.11,18.35,73.4,94,0,3.4
126,Clyde River,CA,2020-10-31 05:21:09,70.47,-68.59,15.8,85,90,3.36
127,Oussouye,SN,2020-10-31 05:23:33,12.48,-16.55,78.8,67,58,2.89
128,Naze,JP,2020-10-31 05:23:33,28.37,129.48,77.0,53,40,21.92
129,Lebu,CL,2020-10-31 05:23:33,-37.62,-73.65,51.22,90,3,10.98
130,Talara,PE,2020-10-31 05:23:33,-4.58,-81.27,63.23,90,88,15.21
131,Cidreira,BR,2020-10-31 05:23:33,-30.18,-50.21,62.29,70,83,7.52
132,Coihaique,CL,2020-10-31 05:23:33,-45.58,-72.07,48.2,70,0,8.05
133,Esperance,AU,2020-10-31 05:20:42,-33.87,121.9,87.8,22,13,17.22
134,Avarua,CK,2020-10-31 05:23:33,-21.21,-159.78,75.2,78,95,12.75
135,Narsaq,GL,2020-10-31 05:23:33,60.92,-46.05,21.2,79,89,2.86
136,Verkhoyansk,RU,2020-10-31 05:23:33,67.54,133.38,-2.09,90,97,3.49
137,Luanda,AO,2020-10-31 05:22:07,-8.84,13.23,75.2,94,40,2.24
138,Tweed,CA,2020-10-31 05:23:33,44.48,-77.32,27.0,55,0,1.52
139,Klaksvik,FO,2020-10-31 05:23:33,62.23,-6.59,46.4,81,27,14.99
140,Qaanaaq,GL,2020-10-31 05:23:34,77.48,-69.36,14.88,90,95,6.17
141,Kavieng,PG,2020-10-31 05:23:34,-2.57,150.8,83.82,70,100,5.21
142,Antananarivo,MG,2020-10-31 05:23:34,-18.91,47.54,57.2,71,75,11.41
143,Peniche,PT,2020-10-31 05:23:34,39.36,-9.38,59.0,91,36,1.01
144,Cabedelo,BR,2020-10-31 05:23:34,-6.98,-34.83,75.2,94,75,9.95
145,Strezhevoy,RU,2020-10-31 05:20:43,60.73,77.59,33.8,100,90,13.42
146,Opuwo,NA,2020-10-31 05:23:34,-18.06,13.84,68.63,57,6,4.47
147,Vuyyuru,IN,2020-10-31 05:23:34,16.37,80.85,86.0,58,20,4.7
148,Severo-Kurilsk,RU,2020-10-31 05:23:34,50.68,156.12,40.42,91,100,38.27
149,Bathsheba,BB,2020-10-31 05:23:34,13.22,-59.52,80.6,88,75,14.99
150,Enid,US,2020-10-31 05:23:34,36.4,-97.88,52.0,100,1,11.41
151,Pevek,RU,2020-10-31 05:23:34,69.7,170.31,19.22,97,100,9.06
152,Jishui,CN,2020-10-31 05:23:34,33.73,115.4,70.07,56,62,8.08
153,Hermanus,ZA,2020-10-31 05:23:34,-34.42,19.23,55.0,79,0,4.0
154,Tiarei,PF,2020-10-31 05:23:06,-17.53,-149.33,82.0,65,20,4.7
155,Omboue,GA,2020-10-31 05:23:35,-1.57,9.26,76.26,92,99,5.01
156,Tomohon,ID,2020-10-31 05:23:35,1.33,124.84,89.6,59,40,8.05
157,Mahebourg,MU,2020-10-31 05:23:35,-20.41,57.7,71.6,56,20,17.22
158,Fortuna,US,2020-10-31 05:23:05,40.6,-124.16,50.0,93,1,3.36
159,Severo-Yeniseyskiy,RU,2020-10-31 05:23:35,60.37,93.04,11.8,92,24,1.43
160,Davenda,RU,2020-10-31 05:23:35,53.56,119.32,27.82,84,100,8.21
161,Ejido,VE,2020-10-31 05:23:35,8.55,-71.24,67.93,68,77,0.94
162,Tinskoy,RU,2020-10-31 05:23:35,56.15,96.92,25.25,91,100,8.55
163,Takoradi,GH,2020-10-31 05:19:31,4.88,-1.76,77.43,90,21,5.32
164,Siilinjarvi,FI,2020-10-31 05:23:35,63.08,27.67,30.2,92,90,3.36
165,Tuktoyaktuk,CA,2020-10-31 05:20:19,69.45,-133.04,1.4,84,40,5.82
166,Coari,BR,2020-10-31 05:23:35,-4.08,-63.14,76.24,91,84,3.02
167,Bandrele,YT,2020-10-31 05:23:35,-12.91,45.19,80.6,65,75,14.99
168,Rocha,UY,2020-10-31 05:23:35,-34.48,-54.33,43.84,91,42,1.36
169,Champerico,GT,2020-10-31 05:23:35,14.3,-91.92,64.99,96,22,1.99
170,Kodiak,US,2020-10-31 05:22:08,57.79,-152.41,35.6,64,90,8.05
171,Mount Isa,AU,2020-10-31 05:23:36,-20.73,139.5,91.4,14,0,13.87
172,Gardner,US,2020-10-31 05:23:36,42.58,-72.0,25.0,85,1,4.7
173,Tingi,TZ,2020-10-31 05:23:36,-11.3,35.03,66.42,69,4,8.57
174,Kahului,US,2020-10-31 05:22:32,20.89,-156.47,80.6,61,20,10.29
175,Uyuni,BO,2020-10-31 05:23:36,-20.46,-66.83,44.13,40,31,5.93
176,Price,US,2020-10-31 05:23:36,39.6,-110.81,37.4,51,1,10.29
177,Tahta,EG,2020-10-31 05:23:36,26.77,31.5,71.6,68,0,5.82
178,Kamarai,GR,2020-10-31 05:23:36,38.3,22.0,55.4,93,0,5.03
179,Evensk,RU,2020-10-31 05:23:36,61.95,159.23,23.45,91,4,4.29
180,Imeni Babushkina,RU,2020-10-31 05:23:36,59.76,43.13,37.26,95,100,4.34
181,Port Blair,IN,2020-10-31 05:23:36,11.67,92.75,83.82,75,82,10.56
182,Sitka,US,2020-10-31 05:23:36,57.05,-135.33,46.4,87,90,23.04
183,Prince Rupert,CA,2020-10-31 05:23:36,54.32,-130.32,46.4,87,90,9.17
184,Katangli,RU,2020-10-31 05:23:37,51.71,143.23,40.59,69,25,2.26
185,Tigil,RU,2020-10-31 05:23:37,57.8,158.67,34.34,87,76,5.12
186,Saint-Ambroise,CA,2020-10-31 05:18:37,48.55,-71.33,24.8,85,26,3.36
187,Yulara,AU,2020-10-31 05:23:37,-25.24,130.99,84.2,10,36,5.82
188,Namibe,AO,2020-10-31 05:23:37,-15.2,12.15,73.31,78,74,6.98
189,Hobart,AU,2020-10-31 05:21:38,-42.88,147.33,70.0,59,40,16.11
190,Placido De Castro,BR,2020-10-31 05:23:37,-10.34,-67.19,69.49,82,100,4.38
191,Nikolskoye,RU,2020-10-31 05:23:37,59.7,30.79,44.01,93,90,4.47
192,Saint Anthony,US,2020-10-31 05:18:51,45.02,-93.22,37.99,64,1,13.87
193,Victoria,HK,2020-10-31 05:23:37,22.29,114.16,77.0,62,31,3.0
194,Innisfail,AU,2020-10-31 05:20:33,-17.53,146.03,83.97,62,2,10.54
195,Barra Patuca,HN,2020-10-31 05:23:37,15.8,-84.28,79.39,84,99,7.85
196,Sampit,ID,2020-10-31 05:23:37,-2.53,112.95,84.29,82,100,2.95
197,Beringovskiy,RU,2020-10-31 05:23:37,63.05,179.32,21.7,89,62,13.11
198,Odweyne,SO,2020-10-31 05:23:37,9.41,45.06,75.4,54,7,5.84
199,Krasnoarmeysk,RU,2020-10-31 05:23:37,51.02,45.7,45.0,68,100,4.0
200,Tiksi,RU,2020-10-31 05:23:37,71.69,128.87,6.48,95,100,3.22
201,Norman Wells,CA,2020-10-31 05:23:37,65.28,-126.83,6.8,84,75,4.7
202,Puerto Suarez,BO,2020-10-31 05:23:38,-18.95,-57.8,71.92,64,29,7.05
203,Oranjemund,NA,2020-10-31 05:23:38,-28.55,16.43,56.25,80,1,14.41
204,Karratha,AU,2020-10-31 05:19:29,-20.74,116.85,88.43,42,0,14.9
205,Walvis Bay,NA,2020-10-31 05:23:38,-22.96,14.51,54.0,87,60,4.7
206,Altamira,BR,2020-10-31 05:23:38,-3.2,-52.21,72.95,80,99,0.76
207,Skibbereen,IE,2020-10-31 05:23:38,51.55,-9.27,57.2,93,90,28.86
208,Caravelas,BR,2020-10-31 05:23:38,-17.71,-39.25,74.55,89,69,6.42
209,Praia Da Vitoria,PT,2020-10-31 05:23:38,38.73,-27.07,69.8,94,40,13.85
210,Arrecife,ES,2020-10-31 05:23:38,28.96,-13.55,73.4,56,0,10.29
211,Stokmarknes,NO,2020-10-31 05:23:38,68.56,14.91,30.99,75,100,28.01
212,Knysna,ZA,2020-10-31 05:23:01,-34.04,23.05,53.6,87,0,2.17
213,Narwana,IN,2020-10-31 05:19:58,29.62,76.12,82.02,16,0,8.05
214,San Quintin,MX,2020-10-31 05:23:38,30.48,-115.95,63.5,75,80,4.43
215,Oktyabrskiy,RU,2020-10-31 05:23:38,54.48,53.47,38.66,76,100,5.37
216,Volnovakha,UA,2020-10-31 05:23:38,47.6,37.5,55.0,100,95,8.99
217,Henties Bay,NA,2020-10-31 05:21:11,-22.12,14.28,54.0,91,40,5.01
218,Rabo De Peixe,PT,2020-10-31 05:23:38,37.8,-25.58,69.8,94,75,16.11
219,Mikhaylovka,RU,2020-10-31 05:23:39,50.06,43.24,51.01,92,100,1.01
220,Kyabe,TD,2020-10-31 05:23:39,9.45,18.94,73.29,82,48,4.36
221,Rognan,NO,2020-10-31 05:23:39,67.1,15.39,41.0,93,75,23.04
222,Dongying,CN,2020-10-31 05:23:39,37.46,118.49,68.09,48,93,12.12
223,Cumana,VE,2020-10-31 05:23:39,10.46,-64.18,69.8,100,36,13.87
224,Ous,RU,2020-10-31 05:23:39,60.91,61.52,35.28,87,88,8.59
225,Chuy,UY,2020-10-31 05:23:39,-33.7,-53.46,52.86,85,98,6.22
226,Waitara,NZ,2020-10-31 05:21:45,-38.92,174.25,59.0,96,91,14.0
227,Samarai,PG,2020-10-31 05:21:39,-10.62,150.67,82.65,74,78,8.23
228,Yar-Sale,RU,2020-10-31 05:23:39,66.83,70.83,34.14,97,100,14.81
229,Turkmenabat,TM,2020-10-31 05:23:39,39.07,63.58,53.6,27,0,4.7
230,Luoyang,CN,2020-10-31 05:23:39,34.68,112.45,73.0,99,0,12.59
231,Agirish,RU,2020-10-31 05:23:39,61.92,63.02,33.39,92,98,8.88
232,Ahuimanu,US,2020-10-31 05:23:39,21.44,-157.84,78.8,78,40,6.93
233,Opochka,RU,2020-10-31 05:23:39,56.71,28.66,44.94,96,86,4.34
234,Sola,VU,2020-10-31 05:23:39,-13.88,167.55,80.83,80,100,16.42
235,Ketchikan,US,2020-10-31 05:23:39,55.34,-131.65,46.4,87,90,8.05
236,Oranjestad,AW,2020-10-31 05:23:40,12.52,-70.03,80.6,88,20,5.82
237,Vardo,NO,2020-10-31 05:20:30,70.37,31.11,34.34,86,25,11.77
238,Marsh Harbour,BS,2020-10-31 05:23:40,26.54,-77.06,79.25,86,3,14.97
239,Kaitangata,NZ,2020-10-31 05:23:40,-46.28,169.85,55.0,89,100,7.0
240,Warrington,GB,2020-10-31 05:23:40,53.39,-2.58,59.0,87,75,25.28
241,College,US,2020-10-31 05:23:40,64.86,-147.8,10.4,78,90,6.93
242,Morehead,US,2020-10-31 05:23:40,37.27,-87.18,39.2,100,1,3.65
243,Liverpool,GB,2020-10-31 05:20:28,53.41,-2.98,59.0,87,75,25.28
244,Asau,RO,2020-10-31 05:23:40,46.43,26.4,42.01,97,100,3.18
245,Imbituba,BR,2020-10-31 05:23:40,-28.24,-48.67,62.6,88,75,4.7
246,Tateyama,JP,2020-10-31 05:23:40,34.98,139.87,66.0,48,20,14.99
247,Baoning,CN,2020-10-31 05:23:40,25.34,110.03,75.2,60,75,2.24
248,Isangel,VU,2020-10-31 05:23:40,-19.55,169.27,82.4,69,20,13.87
249,Oudtshoorn,ZA,2020-10-31 05:23:40,-33.59,22.2,53.6,87,0,1.68
250,Te Anau,NZ,2020-10-31 05:23:40,-45.42,167.72,56.61,77,82,7.67
251,Magadan,RU,2020-10-31 05:23:40,59.57,150.8,31.89,98,100,14.41
252,Vanimo,PG,2020-10-31 05:23:40,-2.67,141.3,85.57,62,99,6.46
253,Domoni,KM,2020-10-31 05:23:40,-12.26,44.53,77.41,73,98,8.61
254,Cobourg,DE,2020-10-31 05:23:41,50.27,10.97,52.0,92,77,1.01
255,La Ronge,CA,2020-10-31 05:23:41,55.1,-105.28,23.0,79,100,17.22
256,Pandavapura,IN,2020-10-31 05:23:41,12.5,76.67,80.6,57,0,5.55
257,Aksu,CN,2020-10-31 05:23:41,41.12,80.26,52.84,41,21,2.19
258,Kingaroy,AU,2020-10-31 05:23:41,-26.53,151.83,86.0,35,40,20.8
259,Seoul,KR,2020-10-31 05:23:41,37.57,126.98,66.2,51,20,3.36
260,Ocampo,MX,2020-10-31 05:23:41,21.65,-101.5,48.31,63,0,5.75
261,Andenes,NO,2020-10-31 05:23:41,69.31,16.12,41.0,60,84,18.34
262,Edd,ER,2020-10-31 05:23:41,13.93,41.69,88.59,43,0,12.28
263,Thompson,CA,2020-10-31 05:23:41,55.74,-97.86,17.6,85,90,9.17
264,Srednekolymsk,RU,2020-10-31 05:23:41,67.45,153.68,5.5,94,100,0.74
265,Ust-Karsk,RU,2020-10-31 05:23:41,52.7,118.81,29.7,90,100,10.09
266,Gunjur,GM,2020-10-31 05:23:41,13.2,-16.73,69.8,88,0,5.82
267,Tilichiki,RU,2020-10-31 05:21:41,60.47,166.1,28.49,97,95,2.98
268,Puerto Baquerizo Moreno,EC,2020-10-31 05:22:24,-0.9,-89.6,68.54,92,82,10.04
269,Zhanaozen,KZ,2020-10-31 05:23:41,43.3,52.8,51.62,39,0,19.86
270,Bethel,US,2020-10-31 05:20:16,41.37,-73.41,30.0,92,1,3.36
271,Arraial Do Cabo,BR,2020-10-31 05:23:41,-22.97,-42.03,71.19,80,100,14.09
272,Hartselle,US,2020-10-31 05:22:57,34.44,-86.94,46.0,86,1,7.36
273,Swan Hill,AU,2020-10-31 05:23:41,-35.34,143.55,72.91,49,68,14.67
274,Litovko,RU,2020-10-31 05:23:42,49.24,135.17,42.28,70,77,4.47
275,Isaccea,RO,2020-10-31 05:23:42,45.27,28.47,46.4,93,25,13.87
276,Killybegs,IE,2020-10-31 05:23:42,54.63,-8.45,57.99,93,100,20.0
277,San Patricio,US,2020-10-31 05:20:22,28.02,-97.52,55.0,81,20,3.36
278,Half Moon Bay,US,2020-10-31 05:23:33,37.46,-122.43,57.0,82,1,3.42
279,Labuan,MY,2020-10-31 05:23:42,5.28,115.24,84.2,79,20,2.24
280,Hope,US,2020-10-31 05:22:10,33.67,-93.59,48.0,87,1,3.74
281,Ekhabi,RU,2020-10-31 05:23:42,53.51,142.97,39.78,71,27,6.82
282,Luderitz,NA,2020-10-31 05:23:42,-26.65,15.16,58.75,62,100,23.98
283,Spring Valley,US,2020-10-31 05:23:42,36.11,-115.25,64.4,18,1,3.36
284,Tura,IN,2020-10-31 05:20:15,25.52,90.22,83.7,70,96,3.76
285,Pouembout,NC,2020-10-31 05:23:42,-21.13,164.9,84.0,53,27,7.18
286,Tres Arroyos,AR,2020-10-31 05:23:42,-38.37,-60.28,48.06,60,0,10.49
287,Ahipara,NZ,2020-10-31 05:23:42,-35.17,173.17,66.06,90,39,13.0
288,Iqaluit,CA,2020-10-31 05:23:42,63.75,-68.51,19.4,73,90,10.29
289,Samarinda,ID,2020-10-31 05:23:16,-0.5,117.15,84.13,79,95,2.33
290,Jaciara,BR,2020-10-31 05:23:43,-15.97,-54.97,70.43,92,99,3.56
291,Riobamba,EC,2020-10-31 05:23:43,-1.67,-78.63,50.0,75,98,1.99
292,Sumkino,RU,2020-10-31 05:23:43,58.11,68.32,33.33,91,64,10.16
293,Charlestown,AU,2020-10-31 05:23:43,-32.95,151.67,81.0,33,24,7.0
294,Umea,SE,2020-10-31 05:23:43,63.83,20.26,32.0,89,90,3.36
295,Goderich,CA,2020-10-31 05:21:41,43.75,-81.72,33.8,74,94,4.7
296,Bengkulu,ID,2020-10-31 05:23:43,-3.8,102.27,83.39,70,80,6.13
297,Chokurdakh,RU,2020-10-31 05:23:43,70.63,147.92,8.56,96,100,6.4
298,Cairns,AU,2020-10-31 05:21:27,-16.92,145.77,88.0,62,40,8.05
299,Chimbote,PE,2020-10-31 05:23:43,-9.09,-78.58,61.92,87,100,8.81
300,Bogorodskoye,RU,2020-10-31 05:23:43,56.55,37.88,41.13,87,100,2.42
301,Longyearbyen,SJ,2020-10-31 05:23:43,78.22,15.64,17.6,72,20,3.36
302,Severnoye,RU,2020-10-31 05:23:43,56.35,78.36,34.5,95,100,9.22
303,Aberystwyth,GB,2020-10-31 05:23:43,52.42,-4.08,55.0,96,100,13.0
304,Leningradskiy,RU,2020-10-31 05:20:12,69.38,178.42,17.83,92,58,14.65
305,Port Lincoln,AU,2020-10-31 05:23:43,-34.73,135.87,60.96,67,49,12.53
306,Dingle,PH,2020-10-31 05:23:43,11.0,122.67,85.55,73,100,12.48
307,Kuito,AO,2020-10-31 05:23:44,-12.38,16.93,61.41,90,84,4.41
308,Vao,NC,2020-10-31 05:23:44,-22.67,167.48,74.57,86,32,14.81
309,Camana,PE,2020-10-31 05:23:44,-16.62,-72.71,63.45,79,23,7.38
310,Grindavik,IS,2020-10-31 05:23:44,63.84,-22.43,42.8,81,75,27.51
311,Puerto Del Rosario,ES,2020-10-31 05:23:44,28.5,-13.86,71.6,64,0,8.05
312,Flin Flon,CA,2020-10-31 05:23:44,54.77,-101.86,20.98,97,100,17.4
313,Souillac,MU,2020-10-31 05:23:44,-20.52,57.52,71.6,56,20,17.22
314,Berlevag,NO,2020-10-31 05:23:44,70.86,29.09,30.78,93,38,14.23
315,Alofi,NU,2020-10-31 05:23:44,-19.06,-169.92,75.2,88,70,16.11
316,Tessalit,ML,2020-10-31 05:23:44,20.2,1.01,73.44,21,59,11.39
317,Nago,JP,2020-10-31 05:23:44,26.59,127.98,80.01,57,20,24.16
318,Saskylakh,RU,2020-10-31 05:23:44,71.92,114.08,-1.62,83,2,5.39
319,Havelock,US,2020-10-31 05:21:02,34.88,-76.9,55.99,66,1,13.87
320,Hasaki,JP,2020-10-31 05:23:44,35.73,140.83,66.99,48,20,13.87
321,Mmabatho,ZA,2020-10-31 05:23:44,-25.85,25.63,73.4,38,0,17.22
322,Pekan,MY,2020-10-31 05:23:44,3.48,103.4,84.2,83,40,4.7
323,Yendi,GH,2020-10-31 05:23:44,9.44,-0.01,74.88,71,22,2.33
324,Awbari,LY,2020-10-31 05:23:44,26.59,12.78,54.45,60,0,6.08
325,Tezu,IN,2020-10-31 05:23:44,27.92,96.17,82.42,44,92,1.92
326,Lorengau,PG,2020-10-31 05:23:44,-2.02,147.27,83.91,72,95,1.1
327,Hengshui,CN,2020-10-31 05:23:45,37.73,115.7,72.45,22,0,10.71
328,Ponta Grossa,BR,2020-10-31 05:23:45,-25.09,-50.16,52.66,88,94,9.15
329,Lyuban,BY,2020-10-31 05:23:45,52.8,28.0,38.75,95,9,5.73
330,Hamilton,US,2020-10-31 05:23:45,39.18,-84.53,39.99,86,90,3.96
331,Blairmore,CA,2020-10-31 05:23:45,49.6,-114.44,44.6,56,27,11.41
332,Birecik,TR,2020-10-31 05:23:45,37.03,37.99,60.8,63,75,1.12
333,Dingzhou,CN,2020-10-31 05:23:45,38.51,115.0,69.8,28,0,6.71
334,Sanchor,IN,2020-10-31 05:23:45,24.76,71.77,88.2,13,0,6.26
335,Nouadhibou,MR,2020-10-31 05:23:45,20.93,-17.03,66.2,93,75,18.34
336,Borba,BR,2020-10-31 05:23:45,-4.39,-59.59,76.33,88,100,2.1
337,Gornyak,RU,2020-10-31 05:23:45,50.99,81.47,33.8,94,78,5.75
338,Arlit,NE,2020-10-31 05:21:15,18.74,7.39,71.92,22,0,10.36
339,Dudinka,RU,2020-10-31 05:23:45,69.41,86.18,14.0,78,75,29.08
340,Oum Hadjer,TD,2020-10-31 05:23:45,13.3,19.7,80.83,22,16,11.45
341,Portel,BR,2020-10-31 05:23:45,-1.94,-50.82,74.82,86,92,2.89
342,Ratnagiri,IN,2020-10-31 05:23:45,16.98,73.3,84.92,51,0,2.3
343,Tomatlan,MX,2020-10-31 05:23:46,19.93,-105.25,76.32,91,99,1.74
344,Ugoofaaru,MV,2020-10-31 05:23:46,5.67,73.0,82.38,69,15,4.25
345,Tasiilaq,GL,2020-10-31 05:23:46,65.61,-37.64,32.0,97,100,17.22
346,Auki,SB,2020-10-31 05:20:57,-8.77,160.7,81.79,79,98,1.61
347,Napanee,CA,2020-10-31 05:23:18,44.25,-76.95,30.99,56,0,3.0
348,Matara,LK,2020-10-31 05:23:46,5.95,80.54,86.83,62,84,7.99
349,Faanui,PF,2020-10-31 05:23:46,-16.48,-151.75,79.12,72,3,15.97
350,Atar,MR,2020-10-31 05:23:46,20.52,-13.05,80.82,17,81,8.1
351,Shirokiy,RU,2020-10-31 05:23:46,49.76,129.52,41.43,64,100,17.72
352,Kaduna,NG,2020-10-31 05:23:46,10.52,7.44,68.94,40,0,4.12
353,Nemuro,JP,2020-10-31 05:23:46,43.32,145.57,48.2,66,75,9.17
354,Ancud,CL,2020-10-31 05:20:14,-41.87,-73.82,46.4,81,0,2.24
355,Kyzyl-Suu,KG,2020-10-31 05:23:46,42.34,78.01,42.12,54,0,2.06
356,Argentan,FR,2020-10-31 05:23:46,48.75,-0.02,55.4,93,75,10.29
357,Iberia,US,2020-10-31 05:23:46,29.95,-91.75,51.8,81,1,6.93
358,Terney,RU,2020-10-31 05:23:46,45.05,136.61,49.17,60,63,7.74
359,Soyo,AO,2020-10-31 05:23:46,-6.13,12.37,76.77,86,91,5.59
360,Poum,NC,2020-10-31 05:21:32,-20.23,164.02,79.36,75,99,15.84
361,Visnes,NO,2020-10-31 05:20:16,59.36,5.22,39.2,100,73,9.17
362,Constitucion,CL,2020-10-31 05:23:46,-35.33,-72.42,56.3,72,0,4.83
363,Lima,PE,2020-10-31 05:23:46,-12.04,-77.03,62.6,82,75,11.41
364,Okitipupa,NG,2020-10-31 05:23:46,6.5,4.78,76.01,96,100,1.32
365,La Sarre,CA,2020-10-31 05:23:27,48.8,-79.2,16.77,95,0,6.29
366,South Valley,US,2020-10-31 05:23:47,35.01,-106.68,51.01,61,75,3.36
367,Vera Cruz,BR,2020-10-31 05:23:47,-12.63,-41.03,69.78,87,95,3.87
368,Wagar,SD,2020-10-31 05:23:47,16.15,36.2,83.34,41,0,6.76
369,Broken Hill,AU,2020-10-31 05:23:47,-31.95,141.43,68.0,56,40,14.99
370,Padang,ID,2020-10-31 05:23:47,-0.95,100.35,86.16,61,45,6.46
371,Ca Mau,VN,2020-10-31 05:23:47,9.18,105.15,86.63,71,54,6.06
372,Bud,US,2020-10-31 05:23:47,39.45,-86.18,37.0,92,1,5.23
373,Kavaratti,IN,2020-10-31 05:23:47,10.57,72.64,84.2,79,40,4.7
374,Saint-Augustin,CA,2020-10-31 05:23:47,51.23,-58.65,26.04,85,0,9.91
375,Okhotsk,RU,2020-10-31 05:23:47,59.38,143.3,22.14,84,100,10.22
376,Kromy,RU,2020-10-31 05:23:47,52.69,35.77,43.56,87,100,7.0
377,Vostok,RU,2020-10-31 05:23:48,46.49,135.88,37.9,89,99,4.23
378,Siniscola,IT,2020-10-31 05:21:26,40.57,9.69,48.2,93,0,1.12
379,Voh,NC,2020-10-31 05:23:48,-20.97,164.7,84.97,51,25,7.81
380,Menongue,AO,2020-10-31 05:23:48,-14.66,17.69,65.1,82,95,4.14
381,Ulaanbaatar,MN,2020-10-31 05:20:00,47.91,106.88,26.6,58,0,8.95
382,Fez,MA,2020-10-31 05:23:48,34.04,-5.0,62.6,45,0,2.42
383,Parintins,BR,2020-10-31 05:23:48,-2.63,-56.74,75.2,94,100,4.74
384,San Bartolome De Tirajana,ES,2020-10-31 05:23:48,27.92,-15.57,75.99,44,0,3.36
385,Hella,NO,2020-10-31 05:23:48,67.2,14.43,41.0,83,75,23.04
386,Carndonagh,IE,2020-10-31 05:23:48,55.25,-7.27,56.77,92,100,14.34
387,Homer,US,2020-10-31 05:23:48,59.64,-151.55,28.0,45,1,4.7
388,Sur,OM,2020-10-31 05:23:48,22.57,59.53,81.41,43,0,11.81
389,Port Hardy,CA,2020-10-31 05:23:48,50.7,-127.42,46.4,93,20,5.82
390,Mount Gambier,AU,2020-10-31 05:23:48,-37.83,140.77,57.2,67,90,13.87
391,Makungu,TZ,2020-10-31 05:23:48,-8.73,35.28,64.99,62,72,6.85
392,Dwarka,IN,2020-10-31 05:23:48,22.24,68.97,84.81,38,0,11.27
393,Adre,TD,2020-10-31 05:23:48,13.47,22.2,75.88,27,29,12.17
394,Lompoc,US,2020-10-31 05:23:49,34.64,-120.46,57.2,93,90,4.7
395,Westport,US,2020-10-31 05:23:49,41.14,-73.36,32.0,83,1,4.7
396,Kommunisticheskiy,RU,2020-10-31 05:23:49,61.68,64.48,32.74,94,99,9.55
397,Babanka,UA,2020-10-31 05:23:49,48.71,30.45,46.44,86,100,12.5
398,Gamba,GA,2020-10-31 05:23:49,-2.65,10.0,74.91,91,100,4.25
399,Mahibadhoo,MV,2020-10-31 05:23:49,3.78,72.97,82.99,69,68,5.12
400,Conceicao Do Araguaia,BR,2020-10-31 05:23:49,-8.26,-49.26,75.34,93,100,2.37
401,Petropavlovsk-Kamchatskiy,RU,2020-10-31 05:22:52,53.05,158.65,39.2,93,90,6.71
402,Emba,KZ,2020-10-31 05:23:49,48.83,58.14,47.05,48,83,12.84
403,Datong,CN,2020-10-31 05:23:31,40.09,113.29,49.03,37,0,12.37
404,Batagay,RU,2020-10-31 05:23:49,67.63,134.63,-2.61,90,95,2.19
405,Codrington,AU,2020-10-31 05:23:49,-38.27,141.97,56.57,74,73,13.18
406,Pareora,NZ,2020-10-31 05:23:49,-44.49,171.21,57.99,96,56,10.0
407,Wawa,NG,2020-10-31 05:22:05,9.9,4.42,73.94,46,23,2.62
408,Lasa,IT,2020-10-31 05:23:49,46.62,10.7,39.2,80,5,4.7
409,Sotouboua,TG,2020-10-31 05:23:49,8.57,0.98,71.42,85,60,1.12
410,Sirjan,IR,2020-10-31 05:23:49,29.45,55.68,60.55,26,0,3.49
411,Batagay-Alyta,RU,2020-10-31 05:23:49,67.8,130.41,3.6,93,100,0.54
412,Nawalapitiya,LK,2020-10-31 05:23:50,7.06,80.53,81.37,59,99,4.0
413,Jibuti,DJ,2020-10-31 05:23:50,11.5,42.5,86.0,70,20,4.7
414,Zverinogolovskoye,RU,2020-10-31 05:23:50,54.46,64.85,35.55,84,80,11.41
415,San Cristobal,VE,2020-10-31 05:19:58,7.77,-72.22,67.44,92,98,3.0
416,Mareeba,AU,2020-10-31 05:23:50,-17.0,145.43,88.0,62,40,8.05
417,Gwanda,ZW,2020-10-31 05:23:50,-20.93,29.0,66.61,74,25,15.43
418,Sernovodsk,RU,2020-10-31 05:23:50,43.31,45.16,48.2,100,90,4.47
419,Chapais,CA,2020-10-31 05:23:50,49.78,-74.85,6.8,92,1,4.7
420,Fukuma,JP,2020-10-31 05:23:50,33.77,130.47,69.01,40,0,5.82
421,Sauda,NO,2020-10-31 05:23:50,59.65,6.35,41.0,90,64,1.99
422,Muscatine,US,2020-10-31 05:23:50,41.47,-91.13,36.0,86,1,8.86
423,Verkhnevilyuysk,RU,2020-10-31 05:23:50,63.45,120.32,-0.29,86,66,2.19
424,Port Moresby,PG,2020-10-31 05:23:50,-9.44,147.18,84.24,70,35,11.86
425,Cabo San Lucas,MX,2020-10-31 05:20:03,22.89,-109.91,73.99,77,77,1.01
426,Honiara,SB,2020-10-31 05:21:39,-9.43,159.95,87.8,66,20,6.93
427,Buala,SB,2020-10-31 05:23:50,-8.14,159.59,83.55,70,80,2.51
428,Bubaque,GW,2020-10-31 05:23:51,11.28,-15.83,83.84,71,58,7.49
429,Taksimo,RU,2020-10-31 05:22:45,56.34,114.88,24.4,89,99,1.83
430,Newport,GB,2020-10-31 05:22:05,51.59,-3.0,57.99,98,99,4.0
431,Mumford,GH,2020-10-31 05:23:51,5.26,-0.76,78.04,88,9,5.82
432,Festus,US,2020-10-31 05:23:51,38.22,-90.4,43.0,83,0,4.83
433,Merrill,US,2020-10-31 05:23:51,45.18,-89.68,26.6,79,1,7.63
434,Dickinson,US,2020-10-31 05:23:51,29.46,-95.05,57.0,87,1,2.13
435,Howick,ZA,2020-10-31 05:21:07,-29.48,30.23,55.31,92,100,0.69
436,Inverell,AU,2020-10-31 05:23:51,-29.78,151.12,70.0,23,0,5.99
437,Pimentel,PE,2020-10-31 05:23:51,-6.84,-79.93,61.84,90,100,11.97
438,Krasnoselkup,RU,2020-10-31 05:23:51,65.7,82.47,15.49,96,100,17.38
439,Rockwall,US,2020-10-31 05:23:51,32.9,-96.4,50.0,71,1,5.82
440,Marquette,US,2020-10-31 05:23:51,46.53,-87.63,30.99,67,0,9.06
441,Ayame,CI,2020-10-31 05:23:51,5.61,-3.16,73.08,97,21,2.08
442,Quito,EC,2020-10-31 05:23:51,-0.23,-78.52,51.8,93,75,2.24
443,Parlakimidi,IN,2020-10-31 05:23:51,18.77,84.08,84.11,50,41,3.06
444,San Policarpo,PH,2020-10-31 05:23:52,12.18,125.51,82.62,82,100,14.54
445,Dombas,NO,2020-10-31 05:23:52,62.07,9.12,35.85,84,97,3.13
446,Palmer,US,2020-10-31 05:23:52,42.16,-72.33,25.0,92,1,1.88
447,Varzelandia,BR,2020-10-31 05:23:52,-15.7,-44.03,69.89,91,100,4.81
448,Fairbanks,US,2020-10-31 05:23:11,64.84,-147.72,10.99,85,90,2.26
449,Road Town,VG,2020-10-31 05:23:52,18.42,-64.62,82.99,83,90,20.0
450,Abbeville,FR,2020-10-31 05:23:52,50.1,1.83,54.0,83,0,11.86
451,Kedougou,SN,2020-10-31 05:23:52,12.56,-12.17,72.43,40,6,2.26
452,Fort Nelson,CA,2020-10-31 05:23:52,58.81,-122.7,14.0,92,20,4.7
453,Coolum Beach,AU,2020-10-31 05:23:52,-26.53,153.1,91.0,44,44,1.99
454,Miquelon,PM,2020-10-31 05:23:52,47.1,-56.38,35.92,78,100,20.76
455,Hokitika,NZ,2020-10-31 05:23:52,-42.72,170.97,56.37,88,100,17.6
456,Savannah Bight,HN,2020-10-31 05:23:52,16.45,-85.85,82.85,75,100,10.38
457,Massaguet,TD,2020-10-31 05:23:52,12.48,15.44,66.2,52,0,6.93
458,Forestville,US,2020-10-31 05:23:52,38.85,-76.88,48.2,81,90,10.29
459,Cayenne,GF,2020-10-31 05:20:15,4.93,-52.33,78.8,100,20,2.24
460,Sao Joao Da Barra,BR,2020-10-31 05:23:52,-21.64,-41.05,70.77,94,100,15.73
461,Kidal,ML,2020-10-31 05:23:52,18.44,1.41,73.69,21,0,12.15
462,Palmaner,IN,2020-10-31 05:23:53,13.2,78.75,79.14,60,2,4.56
463,Muli,MV,2020-10-31 05:23:53,2.92,73.57,82.96,70,90,5.88
464,Yeppoon,AU,2020-10-31 05:23:53,-23.13,150.73,89.6,46,7,14.99
465,Bendigo,AU,2020-10-31 05:19:43,-36.77,144.28,71.01,45,69,3.0
466,Miandrivazo,MG,2020-10-31 05:23:53,-19.52,45.47,83.01,34,0,3.69
467,Baruun-Urt,MN,2020-10-31 05:20:54,46.68,113.28,38.53,64,38,17.4
468,Rivadavia,AR,2020-10-31 05:23:53,-33.19,-68.46,57.2,41,0,8.01
469,Lisala,CD,2020-10-31 05:23:53,2.15,21.52,70.41,99,100,1.19
470,Yumen,CN,2020-10-31 05:23:53,40.28,97.2,48.74,43,99,20.4
471,Sabinas,MX,2020-10-31 05:19:58,27.85,-101.12,58.95,47,41,6.33
472,Tiznit,MA,2020-10-31 05:23:53,29.58,-9.5,66.69,26,0,5.08
473,Kugulta,RU,2020-10-31 05:23:53,45.36,42.39,50.0,87,0,8.95
474,Hobyo,SO,2020-10-31 05:23:53,5.35,48.53,82.31,72,71,7.47
475,Plettenberg Bay,ZA,2020-10-31 05:23:53,-34.05,23.37,56.88,63,0,1.36
476,Suntar,RU,2020-10-31 05:23:53,62.14,117.63,5.7,84,36,4.97
477,Poltavka,RU,2020-10-31 05:23:53,54.37,71.76,33.89,88,27,8.08
478,San Roque,ES,2020-10-31 05:23:53,36.21,-5.38,60.8,93,20,4.7
479,Ust-Uda,RU,2020-10-31 05:23:53,54.17,103.03,32.05,89,100,15.19
480,Grand Gaube,MU,2020-10-31 05:23:54,-20.01,57.66,75.0,44,0,13.0
481,Bereda,ES,2020-10-31 05:23:54,43.27,-7.54,63.0,88,75,14.99
482,Havre-Saint-Pierre,CA,2020-10-31 05:23:54,50.23,-63.6,12.2,85,0,4.7
483,Omsukchan,RU,2020-10-31 05:23:54,62.53,155.8,13.82,91,91,6.71
484,Pecos,US,2020-10-31 05:23:54,31.42,-103.49,50.0,43,1,6.93
485,Sarmanovo,RU,2020-10-31 05:23:54,55.26,52.59,37.4,74,100,6.71
486,Xam Nua,LA,2020-10-31 05:23:54,20.42,104.04,69.12,83,100,2.55
487,Easthampton,US,2020-10-31 05:23:54,42.27,-72.67,28.0,92,1,2.26
488,Labuhan,ID,2020-10-31 05:23:54,-6.88,112.21,87.44,58,81,4.14
489,Polson,US,2020-10-31 05:23:54,47.69,-114.16,46.4,52,90,5.82
490,Portland,US,2020-10-31 05:23:11,45.52,-122.68,48.0,81,75,3.36
491,Malindi,KE,2020-10-31 05:23:54,-3.22,40.12,79.09,78,17,10.74
492,Soure,BR,2020-10-31 05:23:54,-0.72,-48.52,79.7,81,5,11.12
493,Saint-Francois,FR,2020-10-31 05:23:54,46.42,3.91,37.4,100,90,2.24
494,Vangaindrano,MG,2020-10-31 05:23:54,-23.35,47.6,72.82,65,10,4.9
495,Malatya,TR,2020-10-31 05:23:54,38.5,38.0,59.0,62,75,5.82
496,Waipawa,NZ,2020-10-31 05:23:54,-41.41,175.52,62.6,88,98,23.04
497,Panguna,PG,2020-10-31 05:23:54,-6.32,155.48,74.52,95,94,1.83
498,Husavik,IS,2020-10-31 05:23:55,66.04,-17.34,42.8,60,20,16.11
499,Ann Arbor,US,2020-10-31 05:23:55,42.28,-83.74,34.0,68,90,1.68
500,Ghanzi,BW,2020-10-31 05:23:55,-21.57,21.78,75.58,20,93,10.4
501,Kamina,CD,2020-10-31 05:23:55,-8.74,24.99,64.6,97,64,2.84
502,Wahiawa,US,2020-10-31 05:23:55,21.5,-158.02,78.8,94,90,5.82
503,Newberry,US,2020-10-31 05:23:55,34.27,-81.62,52.0,71,1,6.93
504,Cootamundra,AU,2020-10-31 05:23:55,-34.65,148.03,61.0,76,98,5.99
505,Iskateley,RU,2020-10-31 05:23:55,67.68,53.15,33.58,91,46,15.46
506,Findlay,US,2020-10-31 05:23:55,41.04,-83.65,37.4,64,40,3.36
507,Itoman,JP,2020-10-31 05:23:55,26.12,127.67,80.6,54,40,20.8
508,Wasilla,US,2020-10-31 05:23:55,61.58,-149.44,19.4,62,1,9.17
509,Pierre,US,2020-10-31 05:23:55,44.37,-100.35,51.01,70,1,8.05
510,Denpasar,ID,2020-10-31 05:23:55,-8.65,115.22,75.96,88,100,2.71
511,Kirakira,SB,2020-10-31 05:23:55,-10.45,161.92,82.83,71,73,3.04
512,Saumur,FR,2020-10-31 05:23:55,47.33,-0.25,48.2,93,0,8.05
513,Aklavik,CA,2020-10-31 05:23:55,68.22,-135.01,1.4,84,99,3.36
514,Northam,GB,2020-10-31 05:23:56,51.03,-4.22,57.99,92,99,15.99
515,Nyakahanga,TZ,2020-10-31 05:23:56,-1.6,31.14,63.25,87,15,0.6
516,Clarence Town,AU,2020-10-31 05:23:56,-32.58,151.78,78.8,29,40,18.34
517,Ust-Nera,RU,2020-10-31 05:23:56,64.57,143.2,-4.36,83,25,2.51
518,Konyshevka,RU,2020-10-31 05:23:56,51.84,35.29,44.6,93,90,6.71
519,Murdochville,CA,2020-10-31 05:23:56,48.96,-65.5,33.8,59,77,16.11
520,Sinnai,IT,2020-10-31 05:23:56,39.3,9.2,53.6,100,0,5.82
521,Yagodnoye,RU,2020-10-31 05:23:56,62.55,149.67,10.69,93,100,2.26
522,Kashi,CN,2020-10-31 05:23:56,39.45,75.98,48.2,16,0,8.95
523,San Juan,AR,2020-10-31 05:20:38,-31.54,-68.54,62.65,32,0,7.52
524,Nerchinskiy Zavod,RU,2020-10-31 05:23:56,51.31,119.61,27.73,96,100,15.26
525,Dongsheng,CN,2020-10-31 05:20:18,39.82,109.98,42.87,48,0,17.11
526,Hailar,CN,2020-10-31 05:23:56,49.2,119.7,33.24,96,100,15.05
527,Bosobolo,CD,2020-10-31 05:23:56,4.18,19.9,69.93,96,44,1.32
528,Faro,PT,2020-10-31 05:23:08,37.02,-7.93,59.0,77,0,4.7
529,Ardabil,IR,2020-10-31 05:21:47,38.25,48.29,48.2,28,40,4.7
530,Takab,IR,2020-10-31 05:23:57,36.4,47.11,60.13,32,46,3.18
531,Belyy Yar,RU,2020-10-31 05:23:57,53.6,91.39,35.6,93,40,8.95
532,Sijunjung,ID,2020-10-31 05:23:57,-0.69,100.95,90.73,52,81,1.92
533,Boras,SE,2020-10-31 05:23:57,57.72,12.94,48.0,93,75,9.17
534,Hisua,IN,2020-10-31 05:23:57,24.83,85.42,84.2,42,0,9.17
535,Koumac,NC,2020-10-31 05:23:57,-20.57,164.28,81.3,64,73,8.77
536,Anloga,GH,2020-10-31 05:23:57,5.79,0.9,78.8,88,20,3.36
537,Kambove,CD,2020-10-31 05:23:58,-10.88,26.6,67.98,53,51,4.03
538,Barranca,PE,2020-10-31 05:23:58,-10.75,-77.77,61.92,86,100,4.56
539,Nagina,IN,2020-10-31 05:23:58,29.45,78.45,81.41,34,0,3.47
540,Kiruna,SE,2020-10-31 05:23:58,67.86,20.23,24.8,92,40,8.05
541,Viedma,AR,2020-10-31 05:20:56,-40.81,-63.0,57.99,42,1,1.99
542,Maamba,ZM,2020-10-31 05:23:58,-17.37,27.15,80.29,30,0,7.96
543,Deputatskiy,RU,2020-10-31 05:23:58,69.3,139.9,-0.11,94,100,2.98
544,Live Oak,US,2020-10-31 05:23:58,36.98,-121.98,57.99,87,90,3.58
545,Beloha,MG,2020-10-31 05:23:58,-25.17,45.05,73.65,48,0,11.1
546,Vanavara,RU,2020-10-31 05:23:58,60.34,102.28,13.05,93,93,5.57
547,Yangambi,CD,2020-10-31 05:23:58,0.81,24.43,68.97,99,100,0.72
548,Whitehorse,CA,2020-10-31 05:22:52,60.72,-135.05,17.6,78,90,9.17
549,Xique-Xique,BR,2020-10-31 05:23:58,-10.82,-42.73,77.74,63,86,8.12
550,Mnogovershinnyy,RU,2020-10-31 05:23:59,53.94,139.92,33.46,88,78,1.05
551,Dalby,AU,2020-10-31 05:23:59,-27.18,151.27,89.01,10,22,5.99
552,Ambulu,ID,2020-10-31 05:23:59,-8.35,113.61,81.57,73,99,6.58
553,Princeton,US,2020-10-31 05:23:59,25.54,-80.41,78.8,94,75,3.36
554,Sisimiut,GL,2020-10-31 05:23:59,66.94,-53.67,19.38,91,83,8.75
555,Muros,ES,2020-10-31 05:23:59,42.78,-9.06,63.0,89,99,11.99
556,Fernley,US,2020-10-31 05:23:59,39.61,-119.25,51.8,20,1,5.7
557,Kailua,US,2020-10-31 05:23:59,21.4,-157.74,77.0,78,40,6.93
558,La Romana,DO,2020-10-31 05:23:59,18.43,-68.97,80.6,83,75,4.7
559,Noshiro,JP,2020-10-31 05:23:59,40.2,140.02,57.2,67,40,3.36
560,Antofagasta,CL,2020-10-31 05:19:27,-23.65,-70.4,59.0,82,90,10.29
561,Redlands,US,2020-10-31 05:19:14,34.06,-117.18,66.99,36,1,2.82
562,Dehloran,IR,2020-10-31 05:24:00,32.69,47.27,78.76,16,0,0.25
563,Lethem,GY,2020-10-31 05:24:00,3.38,-59.8,79.47,75,18,5.46
564,Pacific Grove,US,2020-10-31 05:22:10,36.62,-121.92,55.4,87,1,10.29
565,Vikhorevka,RU,2020-10-31 05:24:00,56.12,101.16,23.0,79,75,11.18
566,Kainantu,PG,2020-10-31 05:24:00,-6.29,145.87,70.63,81,77,1.97
567,Rio Gallegos,AR,2020-10-31 05:21:24,-51.62,-69.22,46.4,75,0,3.36
568,Vidisha,IN,2020-10-31 05:24:00,23.53,77.82,75.2,38,0,3.36
569,Noumea,NC,2020-10-31 05:24:00,-22.28,166.46,86.0,48,75,3.36
570,Celestun,MX,2020-10-31 05:24:01,20.87,-90.4,75.79,82,53,10.83
571,Craig,US,2020-10-31 05:20:41,40.52,-107.55,37.4,86,1,5.82
572,Hualmay,PE,2020-10-31 05:24:01,-11.1,-77.61,62.35,85,100,5.3
573,Nantucket,US,2020-10-31 05:24:01,41.28,-70.1,42.01,59,20,12.75
574,Altay,CN,2020-10-31 05:24:01,47.87,88.12,32.36,81,4,2.37
575,Sao Filipe,CV,2020-10-31 05:24:01,14.9,-24.5,80.31,63,100,16.37
576,Chilliwack,CA,2020-10-31 05:24:01,49.17,-121.94,48.99,93,90,1.12
577,Muroto,JP,2020-10-31 05:24:01,33.28,134.15,68.0,34,20,8.05
578,Iranshahr,IR,2020-10-31 05:24:01,27.2,60.68,73.4,7,0,1.1
579,Yanam,IN,2020-10-31 05:24:01,16.73,82.22,86.0,55,99,5.82
580,Ariquemes,BR,2020-10-31 05:24:01,-9.91,-63.04,71.83,92,100,4.54
581,Peno,RU,2020-10-31 05:24:01,56.93,32.74,41.99,96,73,3.47
